<?xml version="1.0" encoding="utf-8" ?>
<Defs>
<ThingDef Name="ChickenPawn" Abstract="True">
    <thingClass>Pawn</thingClass>
    <category>Pawn</category>
    <selectable>true</selectable>
    <tickerType>Normal</tickerType>
    <altitudeLayer>Pawn</altitudeLayer>
    <useHitPoints>false</useHitPoints>
    <hasTooltip>true</hasTooltip>
    <soundImpactDefault>BulletImpact_Flesh</soundImpactDefault>
    <inspectorTabs>
	<li>ITab_Pawn_Health</li>
	<li>ITab_Pawn_Needs</li>
	<li>ITab_Pawn_Character</li>
	<li>ITab_Pawn_Training</li>
	<li>ITab_Pawn_Gear</li>
	<li>ITab_Pawn_Guest</li>
	<li>ITab_Pawn_Prisoner</li>
	<li>ITab_Pawn_Social</li>
	<li>ITab_Pawn_Log</li>
	<li>ITab_Pawn_FormingCaravan</li>
    </inspectorTabs>
    <comps>
        <li>
            <compClass>CompAttachBase</compClass>
        </li>
    </comps>
    <drawGUIOverlay>true</drawGUIOverlay>
</ThingDef>

<AlienRace.ThingDef_AlienRace ParentName="ChickenPawn">
	<defName>Alien_Chicken</defName>
	<label>Chicken Man</label>
	<description>It may be delicious if baked.</description>
	<alienRace>
	<generalSettings>
		<maleGenderProbability>0.2</maleGenderProbability>
		<immuneToAge>false</immuneToAge>
		<forcedRaceTraitEntries>
		<li>
			<defName>Masochist</defName>
			<chance>30</chance>
		</li>
		<li>
			<defName>AnnoyingVoice</defName>
			<chance>30</chance>
		</li>
		<li>
			<defName>NaturalMood</defName>
			<degree>2</degree>
			<chance>20</chance>
		</li>
		</forcedRaceTraitEntries>
		<disallowedTraits>
			<li>NightOwl</li>
		</disallowedTraits>
		<factionRelations>
		<li>
			<factions>
				<li>Tribe</li>
			</factions>
			<goodwill>
				<min>-100</min>
				<max>100</max>
			</goodwill>
		</li>            
		</factionRelations>
		<humanRecipeImport>true</humanRecipeImport>
		<alienPartGenerator>
			<aliencrowntypes>
				<li>Average_Normal</li>
			</aliencrowntypes>
			<alienbodytypes>
				<li>Fat</li>
				<li>Hulk</li>
				<li>Female</li>
				<li>Male</li>
			</alienbodytypes>		
		</alienPartGenerator>
		<chemicalSettings>
		</chemicalSettings>
	</generalSettings>
	<graphicPaths>
		<li>
			<head>Things/Chicken/Heads/</head>
		</li>
	</graphicPaths>
	<hairSettings>
		<hasHair>false</hasHair>
        </hairSettings>
        <thoughtSettings>

        </thoughtSettings>
        <relationSettings>

        </relationSettings>
        <raceRestriction>

        </raceRestriction>
    </alienRace>

<statBases>
	<MarketValue>1750</MarketValue>
	<MoveSpeed>4.6</MoveSpeed>
	<Flammability>1.0</Flammability>
	<ComfyTemperatureMin>16</ComfyTemperatureMin>
	<ComfyTemperatureMax>26</ComfyTemperatureMax>
	<LeatherAmount>50</LeatherAmount>
      <Mass>70</Mass>
</statBases>
<tools>
	<li>
	<label>left fist</label>
	<capacities>
		<li>Blunt</li>
	</capacities>
	<power>8.2</power>
	<cooldownTime>2</cooldownTime>
	<linkedBodyPartsGroup>LeftHand</linkedBodyPartsGroup>
	<surpriseAttack>
		<extraMeleeDamages>
		<li>
			<def>Stun</def>
			<amount>14</amount>
		</li>
		</extraMeleeDamages>
	</surpriseAttack>
	</li>
	<li>
	<label>right fist</label>
	<capacities>
		<li>Blunt</li>
	</capacities>
	<power>8.2</power>
	<cooldownTime>2</cooldownTime>
	<linkedBodyPartsGroup>RightHand</linkedBodyPartsGroup>
	<surpriseAttack>
		<extraMeleeDamages>
		<li>
			<def>Stun</def>
			<amount>14</amount>
		</li>
		</extraMeleeDamages>
	</surpriseAttack>
	</li>
	<li>
	<label>beak</label>
	<capacities>
		<li>Bite</li>
	</capacities>
	<power>8.2</power>
	<cooldownTime>2</cooldownTime>
	<linkedBodyPartsGroup>AvianBeak</linkedBodyPartsGroup>
	<chanceFactor>0.07</chanceFactor>
	</li>
	<li>
	<label>head</label>
	<capacities>
		<li>Blunt</li>
	</capacities>
	<power>5</power>
	<cooldownTime>2</cooldownTime>
	<linkedBodyPartsGroup>HeadAttackTool</linkedBodyPartsGroup>
	<ensureLinkedBodyPartsGroupAlwaysUsable>true</ensureLinkedBodyPartsGroupAlwaysUsable>
	<chanceFactor>0.2</chanceFactor>
	</li>
</tools>
<race>
	<thinkTreeMain>Humanlike</thinkTreeMain>
	<thinkTreeConstant>HumanlikeConstant</thinkTreeConstant>
	<intelligence>Humanlike</intelligence>
	<makesFootprints>true</makesFootprints>
	<lifeExpectancy>70</lifeExpectancy>
	<leatherDef>Leather_Human</leatherDef>
      <useMeatFrom>Human</useMeatFrom>
	<nameCategory>HumanStandard</nameCategory>
	<body>Avian</body>
	<baseBodySize>1</baseBodySize>
	<baseHealthScale>1</baseHealthScale>
	<foodType>OmnivoreHuman</foodType>
	<gestationPeriodDays>45</gestationPeriodDays>
	<meatMarketValue>0.8</meatMarketValue>
	<manhunterOnDamageChance>0.20</manhunterOnDamageChance>
	<manhunterOnTameFailChance>0.02</manhunterOnTameFailChance>
	<litterSizeCurve>
	<points>
		<li>(0.5, 0)</li>
		<li>(1, 1)</li>
		<li>(1.01, 0.02)</li>
		<li>(3.5, 0)</li>
        </points>
	</litterSizeCurve>
	<lifeStageAges>
		<li>
			<def>HumanlikeBaby</def>
			<minAge>0</minAge>
		</li>
		<li>
			<def>HumanlikeToddler</def>
			<minAge>1.2</minAge>
		</li>
		<li>
			<def>HumanlikeChild</def>
			<minAge>4</minAge>
		</li>
		<li>
			<def>HumanlikeTeenager</def>
			<minAge>10</minAge>
		</li>
		<li>
			<def>HumanlikeAdult</def>
			<minAge>15</minAge>
			<soundWounded>Pawn_Chicken_Wounded</soundWounded>
			<soundDeath>Pawn_Chicken_Death</soundDeath>
			<soundCall>Pawn_Chicken_Call</soundCall>
			<soundAngry>Pawn_Chicken_Angry</soundAngry>
		</li>
	</lifeStageAges>
		
		<soundMeleeHitPawn>Pawn_Melee_Punch_HitPawn</soundMeleeHitPawn>
		<soundMeleeHitBuilding>Pawn_Melee_Punch_HitBuilding</soundMeleeHitBuilding>
		<soundMeleeMiss>Pawn_Melee_Punch_Miss</soundMeleeMiss>
		<specialShadowData>
        <volume>(0.3, 0.8, 0.4)</volume>
        <offset>(0,0,-0.3)</offset>
		</specialShadowData>
		<ageGenerationCurve>
			<points>
		<li>(14,0)</li>
		<li>(16,100)</li>
		<li>(50,100)</li>
		<li>(60,30)</li>
		<li>(70,18)</li>
		<li>(80,10)</li>
		<li>(90,3)</li>
		<li>(100,0)</li>
			</points>
		</ageGenerationCurve>
		<hediffGiverSets>
			<li>OrganicStandard</li>
			<li>Human</li>
		</hediffGiverSets>
</race>
	
	
    <recipes>
      <li>InstallArchotechEye</li>
      <li>InstallArchotechArm</li>
      <li>InstallArchotechLeg</li>
      <li>InstallPowerClaw</li>
      <li>InstallBionicEye</li>
      <li>InstallBionicArm</li>
      <li>InstallBionicLeg</li>
      <li>InstallBionicSpine</li>
      <li>InstallBionicHeart</li>
      <li>InstallBionicStomach</li>
      <li>InstallBionicEar</li>
      <li>InstallSimpleProstheticArm</li>
      <li>InstallSimpleProstheticLeg</li>
      <li>InstallSimpleProstheticHeart</li>
      <li>InstallCochlearImplant</li>
      <li>InstallPegLeg</li>
      <li>InstallWoodenFoot</li>
      <li>InstallJoywire</li>
      <li>InstallPainstopper</li>
      <li>InstallNaturalHeart</li>
      <li>InstallNaturalLung</li>
      <li>InstallNaturalKidney</li>
      <li>InstallNaturalLiver</li>
      <li>ExciseCarcinoma</li>
      <li>AdministerMechSerumHealer</li>
      <li>RemoveBodyPart</li>
      <li>Euthanize</li>
      <li>Anesthetize</li>
    </recipes>
</AlienRace.ThingDef_AlienRace>
	
</Defs>