﻿<?xml version="1.0" encoding="utf-8" ?>
<Defs>

  <PawnKindDef Name="OwlOutlanderBase" Abstract="True">
    <race>Alien_Owl</race>
    <defaultFactionType>Bird_OutlanderCivil</defaultFactionType>
    <chemicalAddictionChance>0.05</chemicalAddictionChance>
    <backstoryCryptosleepCommonality>0.05</backstoryCryptosleepCommonality>
    <backstoryCategories>
      <li>Civil</li>
    </backstoryCategories>
    <invNutrition>2.55</invNutrition>
    <apparelTags>
      <li>IndustrialBasic</li>
      <li>IndustrialAdvanced</li>
    </apparelTags>
    <inventoryOptions>
      <skipChance>0.70</skipChance>
      <subOptionsChooseOne>
        <li>
          <choiceChance>90</choiceChance>
          <thingDef>Silver</thingDef>
          <countRange>
            <min>30</min>
            <max>100</max>
          </countRange>
        </li>
      </subOptionsChooseOne>
    </inventoryOptions>
  </PawnKindDef>

  <PawnKindDef ParentName="OwlOutlanderBase">
    <defName>Owl_Villager</defName>
    <label>villager</label>
    <combatPower>35</combatPower>
    <itemQuality>Poor</itemQuality>
    <isFighter>false</isFighter>
    <gearHealthRange>
      <min>0.2</min>
      <max>2.0</max>
    </gearHealthRange>
    <weaponTags>
      <li>Gun</li>
      <li>MedievalMeleeBasic</li>
    </weaponTags>
    <weaponMoney>
      <min>65</min>
      <max>250</max>
    </weaponMoney>
    <apparelMoney>
      <min>200</min>
      <max>400</max>
    </apparelMoney>
    <apparelAllowHeadgearChance>0.4</apparelAllowHeadgearChance>
    <techHediffsChance>0.06</techHediffsChance>
    <techHediffsMoney>
      <min>50</min>
      <max>600</max>
    </techHediffsMoney>
    <techHediffsTags>
      <li>Poor</li>
      <li>Simple</li>
    </techHediffsTags>
  </PawnKindDef>

  <PawnKindDef ParentName="OwlOutlanderBase">
    <defName>Owl_Town_Guard</defName>
    <label>town guard</label>
    <combatPower>55</combatPower>
    <isFighter>true</isFighter>
    <gearHealthRange>
      <min>0.6</min>
      <max>2</max>
    </gearHealthRange>
    <apparelTags>
      <li>IndustrialMilitaryBasic</li>
      <li>BeltDefensePop</li>
    </apparelTags>
    <apparelMoney>
      <min>400</min>
      <max>600</max>
    </apparelMoney>
    <apparelAllowHeadgearChance>0.4</apparelAllowHeadgearChance>
    <weaponTags>
      <li>Gun</li>
    </weaponTags>
    <weaponMoney>
      <min>250</min>
      <max>400</max>
    </weaponMoney>
    <techHediffsChance>0.04</techHediffsChance>
    <techHediffsMoney>
      <min>200</min>
      <max>700</max>
    </techHediffsMoney>
    <techHediffsTags>
      <li>Poor</li>
      <li>Simple</li>
    </techHediffsTags>
  </PawnKindDef>

  <PawnKindDef ParentName="OwlOutlanderBase">
    <defName>Owl_Town_Trader</defName>
    <label>town trader</label>
    <trader>true</trader>
    <combatPower>40</combatPower>
    <isFighter>false</isFighter>
    <gearHealthRange>
      <min>1</min>
      <max>1</max>
    </gearHealthRange>
    <itemQuality>Normal</itemQuality>
    <weaponTags>
      <li>Gun</li>
    </weaponTags>
    <weaponMoney>
      <min>200</min>
      <max>200</max>
    </weaponMoney>
    <apparelMoney>
      <min>400</min>
      <max>600</max>
    </apparelMoney>
    <apparelTags>
      <li>IndustrialMilitaryBasic</li>
      <li>IndustrialMilitaryAdvanced</li>
      <li>BeltDefensePop</li>
    </apparelTags>
    <apparelRequired>
      <li>Apparel_BowlerHat</li>
    </apparelRequired>
    <techHediffsChance>0.15</techHediffsChance>
    <techHediffsMoney>
      <min>600</min>
      <max>1500</max>
    </techHediffsMoney>
    <techHediffsTags>
      <li>Poor</li>
      <li>Simple</li>
      <li>Advanced</li>
    </techHediffsTags>
  </PawnKindDef>

  <PawnKindDef ParentName="OwlOutlanderBase">
    <defName>Owl_Town_Councilman</defName>
    <label>town councilman</label>
    <labelPlural>town councilmen</labelPlural>
    <combatPower>40</combatPower>
    <factionLeader>true</factionLeader>
    <minGenerationAge>30</minGenerationAge>
    <isFighter>false</isFighter>
    <gearHealthRange>
      <min>1</min>
      <max>1</max>
    </gearHealthRange>
    <itemQuality>Good</itemQuality>
    <weaponMoney>
      <min>200</min>
      <max>200</max>
    </weaponMoney>
    <weaponTags>
      <li>Gun</li>
    </weaponTags>
    <apparelMoney>
      <min>700</min>
      <max>1200</max>
    </apparelMoney>
    <apparelTags>
      <li>IndustrialMilitaryBasic</li>
      <li>BeltDefensePop</li>
    </apparelTags>
    <apparelRequired>
      <li>Apparel_BowlerHat</li>
    </apparelRequired>
    <techHediffsChance>0.15</techHediffsChance>
    <techHediffsMoney>
      <min>600</min>
      <max>1500</max>
    </techHediffsMoney>
    <techHediffsTags>
      <li>Simple</li>
      <li>Advanced</li>
    </techHediffsTags>
  </PawnKindDef>

  <PawnKindDef Name="OwlMercenaryBase" Abstract="True">
    <race>Alien_Owl</race>
    <defaultFactionType>Bird_OutlanderCivil</defaultFactionType>
    <backstoryCategories>
      <li>Raider</li>
    </backstoryCategories>
    <chemicalAddictionChance>0.1</chemicalAddictionChance>
    <invNutrition>2.55</invNutrition>
    <itemQuality>Normal</itemQuality>
    <backstoryCryptosleepCommonality>0.08</backstoryCryptosleepCommonality>
    <maxGenerationAge>65</maxGenerationAge>
    <combatEnhancingDrugsChance>0.15</combatEnhancingDrugsChance>
    <combatEnhancingDrugsCount>
      <min>0</min>
      <max>2</max>
    </combatEnhancingDrugsCount>
  </PawnKindDef>

  <!-- Low merc tier - grenadiers -->

  <PawnKindDef Abstract="True" Name="OwlGrenadierBase" ParentName="OwlMercenaryBase">
		<race>Alien_Owl</race>
		<combatPower>65</combatPower>
		<gearHealthRange>
			<min>0.7</min>
			<max>2.3</max>
		</gearHealthRange>
		<apparelTags>
			<li>IndustrialBasic</li>
      <li>IndustrialAdvanced</li>
      <li>IndustrialMilitaryBasic</li>
			<li>BeltDefensePop</li>
		</apparelTags>
		<apparelMoney>
			<min>400</min>
			<max>700</max>
		</apparelMoney>
		<apparelAllowHeadgearChance>0.5</apparelAllowHeadgearChance>
		<weaponMoney>
			<min>250</min>
			<max>250</max>
		</weaponMoney>
    <techHediffsChance>0.05</techHediffsChance>
    <techHediffsMoney>
			<min>500</min>
			<max>500</max>
		</techHediffsMoney>
		<techHediffsTags>
			<li>Poor</li>
      <li>Simple</li>
    </techHediffsTags>
		<inventoryOptions>
			<skipChance>0.9</skipChance>
			<subOptionsChooseOne>
				<li>
					<thingDef>Silver</thingDef>
					<countRange>
						<min>50</min>
						<max>200</max>
					</countRange>
				</li>
				<li>
					<thingDef>MedicineIndustrial</thingDef>
					<countRange>
						<min>1</min>
						<max>1</max>
					</countRange>
				</li>
			</subOptionsChooseOne>
		</inventoryOptions>
	</PawnKindDef>

	<PawnKindDef ParentName="OwlGrenadierBase">
		<defName>Owl_Grenadier_Destructive</defName>
		<label>grenadier</label>
    <canBeSapper>true</canBeSapper>
		<weaponTags>
			<li>GrenadeDestructive</li>
		</weaponTags>
	</PawnKindDef>

	<PawnKindDef ParentName="OwlGrenadierBase">
		<defName>Owl_Grenadier_EMP</defName>
		<label>EMP grenadier</label>
		<weaponTags>
			<li>GrenadeEMP</li>
		</weaponTags>
    <weaponMoney>
      <min>350</min>
      <max>350</max>
    </weaponMoney>
	</PawnKindDef>

  <!-- Mid merc tier - gunner, slasher, sniper, heavy -->

  <PawnKindDef ParentName="OwlMercenaryBase" Name="OwlMercenaryMidTierBase" Abstract="True">
    <techHediffsChance>0.15</techHediffsChance>
    <techHediffsMoney>
      <min>700</min>
      <max>1200</max>
    </techHediffsMoney>
    <techHediffsTags>
      <li>Simple</li>
      <li>Advanced</li>
    </techHediffsTags>
  </PawnKindDef>

    <PawnKindDef ParentName="OwlMercenaryMidTierBase">
    <defName>Owl_Mercenary_Gunner</defName>
    <label>mercenary gunner</label>
    <combatPower>90</combatPower>
    <gearHealthRange>
      <min>0.7</min>
      <max>3.2</max>
    </gearHealthRange>
    <apparelTags>
      <li>IndustrialBasic</li>
      <li>IndustrialAdvanced</li>
      <li>IndustrialMilitaryBasic</li>
      <li>IndustrialMilitaryAdvanced</li>
      <li>BeltDefensePop</li>
    </apparelTags>
    <apparelMoney>
      <min>1000</min>
      <max>1500</max>
    </apparelMoney>
    <apparelAllowHeadgearChance>0.5</apparelAllowHeadgearChance>
    <weaponMoney>
      <min>330</min>
      <max>650</max>
    </weaponMoney>
    <weaponTags>
      <li>Gun</li>
    </weaponTags>
    <combatEnhancingDrugsChance>0.05</combatEnhancingDrugsChance>
    <combatEnhancingDrugsCount>
      <min>0</min>
      <max>2</max>
    </combatEnhancingDrugsCount>
    <inventoryOptions>
      <skipChance>0.8</skipChance>
      <subOptionsChooseOne>
        <li>
          <thingDef>Silver</thingDef>
          <countRange>
            <min>50</min>
            <max>200</max>
          </countRange>
        </li>
        <li>
          <thingDef>MedicineIndustrial</thingDef>
          <countRange>
            <min>1</min>
            <max>1</max>
          </countRange>
        </li>
      </subOptionsChooseOne>
    </inventoryOptions>
  </PawnKindDef>

  <PawnKindDef ParentName="OwlMercenaryMidTierBase">
    <defName>Owl_Mercenary_Sniper</defName>
    <label>mercenary sniper</label>
    <combatPower>110</combatPower>
    <gearHealthRange>
      <min>0.7</min>
      <max>3.2</max>
    </gearHealthRange>
    <apparelTags>
      <li>IndustrialBasic</li>
      <li>IndustrialAdvanced</li>
      <li>IndustrialMilitaryBasic</li>
      <li>IndustrialMilitaryAdvanced</li>
    </apparelTags>
    <apparelMoney>
      <min>1000</min>
      <max>1500</max>
    </apparelMoney>
    <apparelAllowHeadgearChance>0.5</apparelAllowHeadgearChance>
    <weaponMoney>
      <min>600</min>
      <max>600</max>
    </weaponMoney>
    <weaponTags>
      <li>SniperRifle</li>
    </weaponTags>
    <inventoryOptions>
      <skipChance>0.8</skipChance>
      <subOptionsChooseOne>
        <li>
          <thingDef>Silver</thingDef>
          <countRange>
            <min>50</min>
            <max>200</max>
          </countRange>
        </li>
        <li>
          <thingDef>MedicineIndustrial</thingDef>
          <countRange>
            <min>1</min>
            <max>1</max>
          </countRange>
        </li>
      </subOptionsChooseOne>
    </inventoryOptions>
  </PawnKindDef>
  
  <PawnKindDef ParentName="OwlMercenaryMidTierBase">
    <defName>Owl_Mercenary_Slasher</defName>
    <label>mercenary slasher</label>
    <combatPower>150</combatPower>
    <canBeSapper>true</canBeSapper>
    <gearHealthRange>
      <min>0.7</min>
      <max>3.2</max>
    </gearHealthRange>
    <apparelTags>
      <li>IndustrialBasic</li>
      <li>IndustrialAdvanced</li>
      <li>IndustrialMilitaryBasic</li>
      <li>IndustrialMilitaryAdvanced</li>
    </apparelTags>
    <apparelRequired>
      <li>Apparel_ShieldBelt</li>
    </apparelRequired>
    <apparelMoney>
      <min>300</min>
      <max>1400</max>
    </apparelMoney>
    <apparelAllowHeadgearChance>0</apparelAllowHeadgearChance>
    <weaponMoney>
      <min>200</min>
      <max>500</max>
    </weaponMoney>
    <weaponTags>
      <li>MedievalMeleeDecent</li>
      <li>MedievalMeleeAdvanced</li>
    </weaponTags>
    <inventoryOptions>
      <skipChance>0.8</skipChance>
      <subOptionsChooseOne>
        <li>
          <thingDef>Silver</thingDef>
          <countRange>
            <min>180</min>
            <max>400</max>
          </countRange>
        </li>
        <li>
          <thingDef>MedicineIndustrial</thingDef>
          <countRange>
            <min>1</min>
            <max>2</max>
          </countRange>
        </li>
      </subOptionsChooseOne>
    </inventoryOptions>
  </PawnKindDef>

  <PawnKindDef ParentName="OwlMercenaryMidTierBase">
    <defName>Owl_Mercenary_Heavy</defName>
    <label>heavy mercenary</label>
    <labelPlural>heavy mercenaries</labelPlural>
    <combatPower>150</combatPower>
    <gearHealthRange>
      <min>0.7</min>
      <max>3.2</max>
    </gearHealthRange>
    <apparelTags>
      <li>IndustrialBasic</li>
      <li>IndustrialAdvanced</li>
      <li>IndustrialMilitaryBasic</li>
      <li>IndustrialMilitaryAdvanced</li>
      <li>BeltDefensePop</li>
    </apparelTags>
    <apparelMoney>
      <min>200</min>
      <max>350</max>
    </apparelMoney>
    <apparelAllowHeadgearChance>0.5</apparelAllowHeadgearChance>
    <weaponMoney>
      <min>1200</min>
      <max>1200</max>
    </weaponMoney>
    <weaponTags>
      <li>GunHeavy</li>
    </weaponTags>
  </PawnKindDef>

  <!-- Elite tier - merc elite, pirate boss -->
  
  <PawnKindDef Abstract="True" Name="OwlMercenaryEliteTierBase" ParentName="OwlMercenaryBase">
    <combatPower>150</combatPower>
    <maxGenerationAge>45</maxGenerationAge>
    <backstoryCryptosleepCommonality>0.25</backstoryCryptosleepCommonality>
    <gearHealthRange>
      <min>1</min>
      <max>1</max>
    </gearHealthRange>
    <apparelTags>
      <li>IndustrialBasic</li>
      <li>IndustrialAdvanced</li>
      <li>IndustrialMilitaryBasic</li>
      <li>IndustrialMilitaryAdvanced</li>
      <li>SpacerMilitary</li>
      <li>BeltDefensePop</li>
    </apparelTags>
    <apparelMoney>
      <min>2500</min>
      <max>3500</max>
    </apparelMoney>
    <apparelAllowHeadgearChance>0.9</apparelAllowHeadgearChance>
    <weaponMoney>
      <min>500</min>
      <max>1400</max>
    </weaponMoney>
    <weaponTags>
			<li>IndustrialGunAdvanced</li>
    </weaponTags>
    <techHediffsMoney>
      <min>1000</min>
      <max>1200</max>
    </techHediffsMoney>
    <techHediffsTags>
      <li>Advanced</li>
    </techHediffsTags>
    <techHediffsChance>0.35</techHediffsChance>
    <combatEnhancingDrugsChance>0.80</combatEnhancingDrugsChance>
    <combatEnhancingDrugsCount>
      <min>1</min>
      <max>2</max>
    </combatEnhancingDrugsCount>
  </PawnKindDef>

  <PawnKindDef ParentName="OwlMercenaryEliteTierBase">
    <defName>Owl_PirateBoss</defName>
    <label>boss</label>
    <labelPlural>bosses</labelPlural>
    <factionLeader>true</factionLeader>
    <baseRecruitDifficulty>0.90</baseRecruitDifficulty>
    <canBeSapper>true</canBeSapper>
    <inventoryOptions>
      <skipChance>0.8</skipChance>
      <subOptionsChooseOne>
        <li>
          <thingDef>Silver</thingDef>
          <countRange>
            <min>50</min>
            <max>200</max>
          </countRange>
        </li>
      </subOptionsChooseOne>
    </inventoryOptions>
  </PawnKindDef>

  <PawnKindDef ParentName="OwlMercenaryEliteTierBase">
    <defName>Owl_Mercenary_Elite</defName>
    <label>elite mercenary</label>
    <labelPlural>elite mercenaries</labelPlural>
    <inventoryOptions>
      <skipChance>0.8</skipChance>
      <subOptionsChooseOne>
        <li>
          <thingDef>MedicineIndustrial</thingDef>
          <countRange>
            <min>1</min>
            <max>2</max>
          </countRange>
        </li>
      </subOptionsChooseOne>
    </inventoryOptions>
  </PawnKindDef>

</Defs>