﻿<?xml version="1.0" encoding="utf-8" ?>
<Defs>

  <PawnKindDef Abstract="True" Name="BaseCassowaryPlayerPawnKind">
    <race>Alien_Cassowary</race>
    <combatPower>30</combatPower>
    <isFighter>false</isFighter>
    <apparelIgnoreSeasons>true</apparelIgnoreSeasons>
    <forceNormalGearQuality>true</forceNormalGearQuality>
  </PawnKindDef>

  <PawnKindDef ParentName="BaseCassowaryPlayerPawnKind">
    <defName>Cassowary_Tribesperson</defName>
    <label>member</label>
    <defaultFactionType>PlayerTribe</defaultFactionType>
    <chemicalAddictionChance>0.05</chemicalAddictionChance>
    <apparelTags>
      <li>Neolithic</li>
    </apparelTags>
    <apparelMoney>200~200</apparelMoney>
    <backstoryCryptosleepCommonality>0</backstoryCryptosleepCommonality>
    <techHediffsMoney>50~50</techHediffsMoney>
    <techHediffsTags>
      <li>Poor</li>
    </techHediffsTags>
    <techHediffsChance>0.02</techHediffsChance>
  </PawnKindDef>

</Defs>