﻿<?xml version="1.0" encoding="utf-8" ?>
<Defs>
  <BodyPartDef>
    <defName>AvianBeak</defName>
    <label>beak</label>
    <hitPoints>15</hitPoints>
    <frostbiteVulnerability>2</frostbiteVulnerability>
    <permanentInjuryChanceFactor>0</permanentInjuryChanceFactor>
    <skinCovered>false</skinCovered>
    <solid>true</solid>
    <beautyRelated>true</beautyRelated>
    <bleedRate>0</bleedRate>
    <tags>
      <li>EatingSource</li>
      <li>TalkingSource</li>
    </tags>
  </BodyPartDef>
</Defs>
